<?xml version="1.0" encoding="UTF-8"?>
<rss version="2.0" xmlns:ror="http://rorweb.com/0.1/" >
<channel>
  <title>ROR Sitemap for https://www.precision-marketing-solutions.com/</title>
  <link>https://www.precision-marketing-solutions.com/</link>

<item>
     <link>https://www.precision-marketing-solutions.com/</link>
     <title>Precision Marketing Solutions</title>
     <description>Precision Marketing Solutions</description>
     <ror:updatePeriod></ror:updatePeriod>
     <ror:sortOrder>0</ror:sortOrder>
     <ror:resourceOf>sitemap</ror:resourceOf>
</item>
<item>
     <link>https://www.precision-marketing-solutions.com/home</link>
     <title>Precision Marketing Solutions</title>
     <description>Precision Marketing Solutions</description>
     <ror:updatePeriod></ror:updatePeriod>
     <ror:sortOrder>1</ror:sortOrder>
     <ror:resourceOf>sitemap</ror:resourceOf>
</item>
</channel>
</rss>
  